{
  "build": {
    "preview": {
      "distribution": "internal",
      "android": {
        "buildType": "apk"
      },
      "ios": {
        "simulator": false,
        "distribution": "internal"
      }
    },
    "ad-hoc": {
      "distribution": "internal",
      "ios": {
        "simulator": false,
        "buildConfiguration": "Release"
      }
    },
    "production": {
      "android": {
        "buildType": "apk"
      },
      "ios": {
        "simulator": false
      }
    }
  }
}

